{
  "_comment" : "Created with OWL2VOWL (version 0.3.5), http://vowl.visualdataweb.org",
  "header" : {
    "languages" : [ "undefined" ],
    "iri" : "http://www.semanticweb.org/pallavit/ontologies/2022/10/SDT12",
    "comments" : {
      "undefined" : "SDT12-Entertainment\nThis is an effort for SDT 12 to describe the ontology in SDT10 using Protege"
    }
  },
  "namespace" : [ ],
  "class" : [ {
    "id" : "5",
    "type" : "owl:Class"
  }, {
    "id" : "4",
    "type" : "rdfs:Datatype"
  }, {
    "id" : "9",
    "type" : "owl:Class"
  }, {
    "id" : "13",
    "type" : "rdfs:Datatype"
  }, {
    "id" : "26",
    "type" : "rdfs:Datatype"
  }, {
    "id" : "34",
    "type" : "rdfs:Datatype"
  }, {
    "id" : "38",
    "type" : "rdfs:Datatype"
  }, {
    "id" : "41",
    "type" : "rdfs:Datatype"
  }, {
    "id" : "42",
    "type" : "rdfs:Datatype"
  }, {
    "id" : "6",
    "type" : "owl:Class"
  }, {
    "id" : "46",
    "type" : "rdfs:Datatype"
  }, {
    "id" : "50",
    "type" : "rdfs:Datatype"
  }, {
    "id" : "55",
    "type" : "rdfs:Datatype"
  }, {
    "id" : "56",
    "type" : "rdfs:Datatype"
  }, {
    "id" : "60",
    "type" : "rdfs:Datatype"
  }, {
    "id" : "80",
    "type" : "rdfs:Datatype"
  }, {
    "id" : "8",
    "type" : "owl:Class"
  }, {
    "id" : "19",
    "type" : "owl:Class"
  }, {
    "id" : "21",
    "type" : "owl:Class"
  }, {
    "id" : "84",
    "type" : "rdfs:Datatype"
  }, {
    "id" : "87",
    "type" : "rdfs:Datatype"
  }, {
    "id" : "92",
    "type" : "rdfs:Datatype"
  }, {
    "id" : "91",
    "type" : "rdfs:Datatype"
  }, {
    "id" : "11",
    "type" : "owl:Class"
  }, {
    "id" : "24",
    "type" : "owl:Class"
  }, {
    "id" : "58",
    "type" : "rdfs:Datatype"
  }, {
    "id" : "101",
    "type" : "rdfs:Datatype"
  }, {
    "id" : "3",
    "type" : "owl:Class"
  }, {
    "id" : "104",
    "type" : "rdfs:Datatype"
  }, {
    "id" : "122",
    "type" : "rdfs:Datatype"
  }, {
    "id" : "127",
    "type" : "rdfs:Datatype"
  }, {
    "id" : "17",
    "type" : "owl:Class"
  }, {
    "id" : "1",
    "type" : "owl:Class"
  }, {
    "id" : "133",
    "type" : "rdfs:Datatype"
  }, {
    "id" : "29",
    "type" : "owl:Class"
  }, {
    "id" : "130",
    "type" : "rdfs:Datatype"
  } ],
  "classAttribute" : [ {
    "iri" : "http://www.semanticweb.org/pallavit/ontologies/2022/10/sdt12#Actors",
    "baseIri" : "http://www.semanticweb.org/pallavit/ontologies/2022/10/sdt12",
    "instances" : 0,
    "subClasses" : [ "6" ],
    "attributes" : [ "equivalent" ],
    "id" : "5"
  }, {
    "iri" : "http://www.w3.org/2001/XMLSchema#string",
    "baseIri" : "http://www.w3.org/2001/XMLSchema",
    "id" : "4"
  }, {
    "iri" : "http://www.semanticweb.org/pallavit/ontologies/2022/10/sdt12#Movies",
    "baseIri" : "http://www.semanticweb.org/pallavit/ontologies/2022/10/sdt12",
    "instances" : 0,
    "subClasses" : [ "6" ],
    "attributes" : [ "equivalent" ],
    "id" : "9"
  }, {
    "iri" : "http://www.w3.org/2001/XMLSchema#string",
    "baseIri" : "http://www.w3.org/2001/XMLSchema",
    "id" : "13"
  }, {
    "iri" : "http://www.w3.org/2001/XMLSchema#integer",
    "baseIri" : "http://www.w3.org/2001/XMLSchema",
    "id" : "26"
  }, {
    "iri" : "http://www.w3.org/2001/XMLSchema#integer",
    "baseIri" : "http://www.w3.org/2001/XMLSchema",
    "id" : "34"
  }, {
    "iri" : "http://www.w3.org/2001/XMLSchema#string",
    "baseIri" : "http://www.w3.org/2001/XMLSchema",
    "id" : "38"
  }, {
    "iri" : "http://www.w3.org/2001/XMLSchema#dateTime",
    "baseIri" : "http://www.w3.org/2001/XMLSchema",
    "id" : "41"
  }, {
    "iri" : "http://www.w3.org/2001/XMLSchema#dateTime",
    "baseIri" : "http://www.w3.org/2001/XMLSchema",
    "id" : "42"
  }, {
    "iri" : "http://www.semanticweb.org/pallavit/ontologies/2022/10/sdt12#Ratings",
    "baseIri" : "http://www.semanticweb.org/pallavit/ontologies/2022/10/sdt12",
    "instances" : 0,
    "attributes" : [ "equivalent" ],
    "id" : "6",
    "superClasses" : [ "5", "9", "24", "8", "21", "29" ]
  }, {
    "iri" : "http://www.w3.org/2001/XMLSchema#string",
    "baseIri" : "http://www.w3.org/2001/XMLSchema",
    "id" : "46"
  }, {
    "iri" : "http://www.w3.org/2001/XMLSchema#string",
    "baseIri" : "http://www.w3.org/2001/XMLSchema",
    "id" : "50"
  }, {
    "iri" : "http://www.w3.org/2001/XMLSchema#string",
    "baseIri" : "http://www.w3.org/2001/XMLSchema",
    "id" : "55"
  }, {
    "iri" : "http://www.w3.org/2001/XMLSchema#dateTime",
    "baseIri" : "http://www.w3.org/2001/XMLSchema",
    "id" : "56"
  }, {
    "iri" : "http://www.w3.org/2001/XMLSchema#string",
    "baseIri" : "http://www.w3.org/2001/XMLSchema",
    "id" : "60"
  }, {
    "iri" : "http://www.w3.org/2001/XMLSchema#string",
    "baseIri" : "http://www.w3.org/2001/XMLSchema",
    "id" : "80"
  }, {
    "iri" : "http://www.semanticweb.org/pallavit/ontologies/2022/10/sdt12#Director",
    "baseIri" : "http://www.semanticweb.org/pallavit/ontologies/2022/10/sdt12",
    "instances" : 0,
    "subClasses" : [ "6" ],
    "attributes" : [ "equivalent" ],
    "id" : "8"
  }, {
    "iri" : "http://www.semanticweb.org/pallavit/ontologies/2022/10/sdt12#Awards",
    "baseIri" : "http://www.semanticweb.org/pallavit/ontologies/2022/10/sdt12",
    "instances" : 0,
    "id" : "19"
  }, {
    "iri" : "http://www.semanticweb.org/pallavit/ontologies/2022/10/sdt12#Producers",
    "baseIri" : "http://www.semanticweb.org/pallavit/ontologies/2022/10/sdt12",
    "instances" : 0,
    "subClasses" : [ "6" ],
    "attributes" : [ "equivalent" ],
    "id" : "21"
  }, {
    "iri" : "http://www.w3.org/2001/XMLSchema#string",
    "baseIri" : "http://www.w3.org/2001/XMLSchema",
    "id" : "84"
  }, {
    "iri" : "http://www.w3.org/2001/XMLSchema#integer",
    "baseIri" : "http://www.w3.org/2001/XMLSchema",
    "id" : "87"
  }, {
    "iri" : "http://www.w3.org/2001/XMLSchema#dateTime",
    "baseIri" : "http://www.w3.org/2001/XMLSchema",
    "id" : "92"
  }, {
    "iri" : "http://www.w3.org/2001/XMLSchema#string",
    "baseIri" : "http://www.w3.org/2001/XMLSchema",
    "id" : "91"
  }, {
    "iri" : "http://www.semanticweb.org/pallavit/ontologies/2022/10/sdt12#UserProfile",
    "baseIri" : "http://www.semanticweb.org/pallavit/ontologies/2022/10/sdt12",
    "instances" : 0,
    "subClasses" : [ "3" ],
    "attributes" : [ "equivalent" ],
    "id" : "11"
  }, {
    "iri" : "http://www.semanticweb.org/pallavit/ontologies/2022/10/sdt12#Songs",
    "baseIri" : "http://www.semanticweb.org/pallavit/ontologies/2022/10/sdt12",
    "instances" : 0,
    "subClasses" : [ "6" ],
    "attributes" : [ "equivalent" ],
    "id" : "24"
  }, {
    "iri" : "http://www.w3.org/2001/XMLSchema#integer",
    "baseIri" : "http://www.w3.org/2001/XMLSchema",
    "id" : "58"
  }, {
    "iri" : "http://www.w3.org/2001/XMLSchema#integer",
    "baseIri" : "http://www.w3.org/2001/XMLSchema",
    "id" : "101"
  }, {
    "iri" : "http://www.semanticweb.org/pallavit/ontologies/2022/10/sdt12#UserPreference",
    "baseIri" : "http://www.semanticweb.org/pallavit/ontologies/2022/10/sdt12",
    "instances" : 0,
    "attributes" : [ "equivalent" ],
    "id" : "3",
    "superClasses" : [ "11" ]
  }, {
    "iri" : "http://www.w3.org/2001/XMLSchema#dateTime",
    "baseIri" : "http://www.w3.org/2001/XMLSchema",
    "id" : "104"
  }, {
    "iri" : "http://www.w3.org/2001/XMLSchema#dateTime",
    "baseIri" : "http://www.w3.org/2001/XMLSchema",
    "id" : "122"
  }, {
    "iri" : "http://www.w3.org/2001/XMLSchema#dateTime",
    "baseIri" : "http://www.w3.org/2001/XMLSchema",
    "id" : "127"
  }, {
    "iri" : "http://www.semanticweb.org/pallavit/ontologies/2022/10/sdt12#Genres",
    "baseIri" : "http://www.semanticweb.org/pallavit/ontologies/2022/10/sdt12",
    "instances" : 0,
    "id" : "17"
  }, {
    "iri" : "http://www.semanticweb.org/pallavit/ontologies/2022/10/sdt12#SuperhitMovies",
    "baseIri" : "http://www.semanticweb.org/pallavit/ontologies/2022/10/sdt12",
    "instances" : 0,
    "intersection" : [ "9" ],
    "attributes" : [ "equivalent", "intersection" ],
    "id" : "1"
  }, {
    "iri" : "http://www.w3.org/2001/XMLSchema#string",
    "baseIri" : "http://www.w3.org/2001/XMLSchema",
    "id" : "133"
  }, {
    "iri" : "http://www.semanticweb.org/pallavit/ontologies/2022/10/sdt12#Singers",
    "baseIri" : "http://www.semanticweb.org/pallavit/ontologies/2022/10/sdt12",
    "instances" : 0,
    "subClasses" : [ "6" ],
    "attributes" : [ "equivalent" ],
    "id" : "29"
  }, {
    "iri" : "http://www.w3.org/2001/XMLSchema#integer",
    "baseIri" : "http://www.w3.org/2001/XMLSchema",
    "id" : "130"
  } ],
  "property" : [ {
    "id" : "2",
    "type" : "owl:someValuesFrom"
  }, {
    "id" : "7",
    "type" : "owl:disjointWith"
  }, {
    "id" : "10",
    "type" : "owl:disjointWith"
  }, {
    "id" : "12",
    "type" : "owl:someValuesFrom"
  }, {
    "id" : "16",
    "type" : "owl:disjointWith"
  }, {
    "id" : "18",
    "type" : "owl:disjointWith"
  }, {
    "id" : "20",
    "type" : "owl:disjointWith"
  }, {
    "id" : "22",
    "type" : "owl:disjointWith"
  }, {
    "id" : "23",
    "type" : "owl:disjointWith"
  }, {
    "id" : "25",
    "type" : "owl:disjointWith"
  }, {
    "id" : "27",
    "type" : "owl:someValuesFrom"
  }, {
    "id" : "28",
    "type" : "owl:disjointWith"
  }, {
    "id" : "30",
    "type" : "owl:disjointWith"
  }, {
    "id" : "32",
    "type" : "owl:disjointWith"
  }, {
    "id" : "33",
    "type" : "owl:someValuesFrom"
  }, {
    "id" : "35",
    "type" : "owl:disjointWith"
  }, {
    "id" : "36",
    "type" : "owl:disjointWith"
  }, {
    "id" : "37",
    "type" : "owl:someValuesFrom"
  }, {
    "id" : "40",
    "type" : "owl:someValuesFrom"
  }, {
    "id" : "43",
    "type" : "owl:someValuesFrom"
  }, {
    "id" : "44",
    "type" : "owl:disjointWith"
  }, {
    "id" : "45",
    "type" : "owl:someValuesFrom"
  }, {
    "id" : "47",
    "type" : "owl:disjointWith"
  }, {
    "id" : "48",
    "type" : "owl:disjointWith"
  }, {
    "id" : "49",
    "type" : "owl:disjointWith"
  }, {
    "id" : "51",
    "type" : "owl:someValuesFrom"
  }, {
    "id" : "52",
    "type" : "owl:disjointWith"
  }, {
    "id" : "53",
    "type" : "owl:disjointWith"
  }, {
    "id" : "54",
    "type" : "owl:someValuesFrom"
  }, {
    "id" : "57",
    "type" : "owl:someValuesFrom"
  }, {
    "id" : "59",
    "type" : "owl:disjointWith"
  }, {
    "id" : "61",
    "type" : "owl:someValuesFrom"
  }, {
    "id" : "62",
    "type" : "owl:someValuesFrom"
  }, {
    "id" : "63",
    "type" : "owl:disjointWith"
  }, {
    "id" : "65",
    "type" : "owl:disjointWith"
  }, {
    "id" : "66",
    "type" : "owl:disjointWith"
  }, {
    "id" : "67",
    "type" : "owl:disjointWith"
  }, {
    "id" : "68",
    "type" : "owl:disjointWith"
  }, {
    "id" : "69",
    "type" : "owl:disjointWith"
  }, {
    "id" : "70",
    "type" : "owl:disjointWith"
  }, {
    "id" : "71",
    "type" : "owl:disjointWith"
  }, {
    "id" : "72",
    "type" : "owl:disjointWith"
  }, {
    "id" : "73",
    "type" : "owl:disjointWith"
  }, {
    "id" : "74",
    "type" : "owl:disjointWith"
  }, {
    "id" : "75",
    "type" : "owl:disjointWith"
  }, {
    "id" : "76",
    "type" : "owl:disjointWith"
  }, {
    "id" : "77",
    "type" : "owl:disjointWith"
  }, {
    "id" : "78",
    "type" : "owl:disjointWith"
  }, {
    "id" : "79",
    "type" : "owl:someValuesFrom"
  }, {
    "id" : "81",
    "type" : "owl:disjointWith"
  }, {
    "id" : "82",
    "type" : "owl:disjointWith"
  }, {
    "id" : "83",
    "type" : "owl:disjointWith"
  }, {
    "id" : "85",
    "type" : "owl:someValuesFrom"
  }, {
    "id" : "86",
    "type" : "owl:disjointWith"
  }, {
    "id" : "88",
    "type" : "owl:disjointWith"
  }, {
    "id" : "90",
    "type" : "owl:someValuesFrom"
  }, {
    "id" : "93",
    "type" : "owl:someValuesFrom"
  }, {
    "id" : "94",
    "type" : "owl:disjointWith"
  }, {
    "id" : "95",
    "type" : "owl:disjointWith"
  }, {
    "id" : "96",
    "type" : "owl:someValuesFrom"
  }, {
    "id" : "97",
    "type" : "owl:disjointWith"
  }, {
    "id" : "98",
    "type" : "owl:disjointWith"
  }, {
    "id" : "99",
    "type" : "owl:disjointWith"
  }, {
    "id" : "100",
    "type" : "owl:disjointWith"
  }, {
    "id" : "103",
    "type" : "owl:disjointWith"
  }, {
    "id" : "105",
    "type" : "owl:someValuesFrom"
  }, {
    "id" : "106",
    "type" : "owl:disjointWith"
  }, {
    "id" : "107",
    "type" : "owl:disjointWith"
  }, {
    "id" : "108",
    "type" : "owl:disjointWith"
  }, {
    "id" : "109",
    "type" : "owl:disjointWith"
  }, {
    "id" : "110",
    "type" : "owl:disjointWith"
  }, {
    "id" : "111",
    "type" : "owl:disjointWith"
  }, {
    "id" : "112",
    "type" : "owl:disjointWith"
  }, {
    "id" : "113",
    "type" : "owl:disjointWith"
  }, {
    "id" : "114",
    "type" : "owl:disjointWith"
  }, {
    "id" : "115",
    "type" : "owl:disjointWith"
  }, {
    "id" : "116",
    "type" : "owl:disjointWith"
  }, {
    "id" : "117",
    "type" : "owl:disjointWith"
  }, {
    "id" : "118",
    "type" : "owl:disjointWith"
  }, {
    "id" : "119",
    "type" : "owl:someValuesFrom"
  }, {
    "id" : "120",
    "type" : "owl:disjointWith"
  }, {
    "id" : "123",
    "type" : "owl:disjointWith"
  }, {
    "id" : "124",
    "type" : "owl:disjointWith"
  }, {
    "id" : "125",
    "type" : "owl:disjointWith"
  }, {
    "id" : "128",
    "type" : "owl:someValuesFrom"
  }, {
    "id" : "129",
    "type" : "owl:someValuesFrom"
  }, {
    "id" : "131",
    "type" : "owl:disjointWith"
  }, {
    "id" : "132",
    "type" : "owl:someValuesFrom"
  }, {
    "id" : "134",
    "type" : "owl:disjointWith"
  }, {
    "id" : "135",
    "type" : "owl:someValuesFrom"
  } ],
  "propertyAttribute" : [ {
    "iri" : "http://www.semanticweb.org/pallavit/ontologies/2022/10/sdt12#hasLikedSongs",
    "baseIri" : "http://www.semanticweb.org/pallavit/ontologies/2022/10/sdt12",
    "range" : "4",
    "domain" : "3",
    "attributes" : [ "datatype", "someValues" ],
    "id" : "2"
  }, {
    "range" : "9",
    "domain" : "8",
    "attributes" : [ "object", "anonymous" ],
    "id" : "7"
  }, {
    "range" : "11",
    "domain" : "3",
    "attributes" : [ "object", "anonymous" ],
    "id" : "10"
  }, {
    "iri" : "http://www.semanticweb.org/pallavit/ontologies/2022/10/sdt12#hasLikedMovies",
    "baseIri" : "http://www.semanticweb.org/pallavit/ontologies/2022/10/sdt12",
    "range" : "13",
    "domain" : "3",
    "attributes" : [ "datatype", "someValues" ],
    "id" : "12"
  }, {
    "range" : "17",
    "domain" : "8",
    "attributes" : [ "object", "anonymous" ],
    "id" : "16"
  }, {
    "range" : "8",
    "domain" : "19",
    "attributes" : [ "object", "anonymous" ],
    "id" : "18"
  }, {
    "range" : "21",
    "domain" : "17",
    "attributes" : [ "object", "anonymous" ],
    "id" : "20"
  }, {
    "range" : "21",
    "domain" : "19",
    "attributes" : [ "object", "anonymous" ],
    "id" : "22"
  }, {
    "range" : "24",
    "domain" : "21",
    "attributes" : [ "object", "anonymous" ],
    "id" : "23"
  }, {
    "range" : "21",
    "domain" : "9",
    "attributes" : [ "object", "anonymous" ],
    "id" : "25"
  }, {
    "iri" : "http://www.semanticweb.org/pallavit/ontologies/2022/10/sdt12#hasRatings",
    "baseIri" : "http://www.semanticweb.org/pallavit/ontologies/2022/10/sdt12",
    "range" : "26",
    "domain" : "5",
    "attributes" : [ "datatype", "someValues" ],
    "id" : "27"
  }, {
    "range" : "29",
    "domain" : "5",
    "attributes" : [ "object", "anonymous" ],
    "id" : "28"
  }, {
    "range" : "11",
    "domain" : "1",
    "attributes" : [ "object", "anonymous" ],
    "id" : "30"
  }, {
    "range" : "3",
    "domain" : "1",
    "attributes" : [ "object", "anonymous" ],
    "id" : "32"
  }, {
    "iri" : "http://www.semanticweb.org/pallavit/ontologies/2022/10/sdt12#hasRatings",
    "baseIri" : "http://www.semanticweb.org/pallavit/ontologies/2022/10/sdt12",
    "range" : "34",
    "domain" : "24",
    "attributes" : [ "datatype", "someValues" ],
    "id" : "33"
  }, {
    "range" : "1",
    "domain" : "24",
    "attributes" : [ "object", "anonymous" ],
    "id" : "35"
  }, {
    "range" : "3",
    "domain" : "24",
    "attributes" : [ "object", "anonymous" ],
    "id" : "36"
  }, {
    "iri" : "http://www.semanticweb.org/pallavit/ontologies/2022/10/sdt12#belongsToCountry",
    "baseIri" : "http://www.semanticweb.org/pallavit/ontologies/2022/10/sdt12",
    "range" : "38",
    "domain" : "24",
    "attributes" : [ "datatype", "someValues" ],
    "id" : "37"
  }, {
    "iri" : "http://www.semanticweb.org/pallavit/ontologies/2022/10/sdt12#hasReleaseDate",
    "baseIri" : "http://www.semanticweb.org/pallavit/ontologies/2022/10/sdt12",
    "range" : "41",
    "domain" : "24",
    "attributes" : [ "datatype", "someValues" ],
    "id" : "40"
  }, {
    "iri" : "http://www.semanticweb.org/pallavit/ontologies/2022/10/sdt12#hasDOB",
    "baseIri" : "http://www.semanticweb.org/pallavit/ontologies/2022/10/sdt12",
    "range" : "42",
    "domain" : "5",
    "attributes" : [ "datatype", "someValues" ],
    "id" : "43"
  }, {
    "range" : "1",
    "domain" : "5",
    "attributes" : [ "object", "anonymous" ],
    "id" : "44"
  }, {
    "iri" : "http://www.semanticweb.org/pallavit/ontologies/2022/10/sdt12#belongsToCountry",
    "baseIri" : "http://www.semanticweb.org/pallavit/ontologies/2022/10/sdt12",
    "range" : "46",
    "domain" : "5",
    "attributes" : [ "datatype", "someValues" ],
    "id" : "45"
  }, {
    "range" : "11",
    "domain" : "5",
    "attributes" : [ "object", "anonymous" ],
    "id" : "47"
  }, {
    "range" : "8",
    "domain" : "5",
    "attributes" : [ "object", "anonymous" ],
    "id" : "48"
  }, {
    "range" : "9",
    "domain" : "17",
    "attributes" : [ "object", "anonymous" ],
    "id" : "49"
  }, {
    "iri" : "http://www.semanticweb.org/pallavit/ontologies/2022/10/sdt12#belongsToCountry",
    "baseIri" : "http://www.semanticweb.org/pallavit/ontologies/2022/10/sdt12",
    "range" : "50",
    "domain" : "29",
    "attributes" : [ "datatype", "someValues" ],
    "id" : "51"
  }, {
    "range" : "24",
    "domain" : "9",
    "attributes" : [ "object", "anonymous" ],
    "id" : "52"
  }, {
    "range" : "24",
    "domain" : "17",
    "attributes" : [ "object", "anonymous" ],
    "id" : "53"
  }, {
    "iri" : "http://www.semanticweb.org/pallavit/ontologies/2022/10/sdt12#hasGenre",
    "baseIri" : "http://www.semanticweb.org/pallavit/ontologies/2022/10/sdt12",
    "range" : "55",
    "domain" : "24",
    "attributes" : [ "datatype", "someValues" ],
    "id" : "54"
  }, {
    "iri" : "http://www.semanticweb.org/pallavit/ontologies/2022/10/sdt12#hasRatings",
    "baseIri" : "http://www.semanticweb.org/pallavit/ontologies/2022/10/sdt12",
    "range" : "58",
    "domain" : "8",
    "attributes" : [ "datatype", "someValues" ],
    "id" : "57"
  }, {
    "range" : "21",
    "domain" : "8",
    "attributes" : [ "object", "anonymous" ],
    "id" : "59"
  }, {
    "iri" : "http://www.semanticweb.org/pallavit/ontologies/2022/10/sdt12#belongsToCountry",
    "baseIri" : "http://www.semanticweb.org/pallavit/ontologies/2022/10/sdt12",
    "range" : "60",
    "domain" : "8",
    "attributes" : [ "datatype", "someValues" ],
    "id" : "61"
  }, {
    "iri" : "http://www.semanticweb.org/pallavit/ontologies/2022/10/sdt12#hasDOB",
    "baseIri" : "http://www.semanticweb.org/pallavit/ontologies/2022/10/sdt12",
    "range" : "56",
    "domain" : "8",
    "attributes" : [ "datatype", "someValues" ],
    "id" : "62"
  }, {
    "range" : "29",
    "domain" : "8",
    "attributes" : [ "object", "anonymous" ],
    "id" : "63"
  }, {
    "range" : "3",
    "domain" : "19",
    "attributes" : [ "object", "anonymous" ],
    "id" : "65"
  }, {
    "range" : "1",
    "domain" : "8",
    "attributes" : [ "object", "anonymous" ],
    "id" : "66"
  }, {
    "range" : "6",
    "domain" : "8",
    "attributes" : [ "object", "anonymous" ],
    "id" : "67"
  }, {
    "range" : "24",
    "domain" : "29",
    "attributes" : [ "object", "anonymous" ],
    "id" : "68"
  }, {
    "range" : "29",
    "domain" : "9",
    "attributes" : [ "object", "anonymous" ],
    "id" : "69"
  }, {
    "range" : "29",
    "domain" : "17",
    "attributes" : [ "object", "anonymous" ],
    "id" : "70"
  }, {
    "range" : "11",
    "domain" : "9",
    "attributes" : [ "object", "anonymous" ],
    "id" : "71"
  }, {
    "range" : "11",
    "domain" : "17",
    "attributes" : [ "object", "anonymous" ],
    "id" : "72"
  }, {
    "range" : "29",
    "domain" : "19",
    "attributes" : [ "object", "anonymous" ],
    "id" : "73"
  }, {
    "range" : "11",
    "domain" : "24",
    "attributes" : [ "object", "anonymous" ],
    "id" : "74"
  }, {
    "range" : "11",
    "domain" : "19",
    "attributes" : [ "object", "anonymous" ],
    "id" : "75"
  }, {
    "range" : "24",
    "domain" : "8",
    "attributes" : [ "object", "anonymous" ],
    "id" : "76"
  }, {
    "range" : "1",
    "domain" : "19",
    "attributes" : [ "object", "anonymous" ],
    "id" : "77"
  }, {
    "range" : "6",
    "domain" : "19",
    "attributes" : [ "object", "anonymous" ],
    "id" : "78"
  }, {
    "iri" : "http://www.semanticweb.org/pallavit/ontologies/2022/10/sdt12#belongsToCountry",
    "baseIri" : "http://www.semanticweb.org/pallavit/ontologies/2022/10/sdt12",
    "range" : "80",
    "domain" : "21",
    "attributes" : [ "datatype", "someValues" ],
    "id" : "79"
  }, {
    "range" : "29",
    "domain" : "21",
    "attributes" : [ "object", "anonymous" ],
    "id" : "81"
  }, {
    "range" : "3",
    "domain" : "21",
    "attributes" : [ "object", "anonymous" ],
    "id" : "82"
  }, {
    "range" : "3",
    "domain" : "9",
    "attributes" : [ "object", "anonymous" ],
    "id" : "83"
  }, {
    "iri" : "http://www.semanticweb.org/pallavit/ontologies/2022/10/sdt12#hasGenre",
    "baseIri" : "http://www.semanticweb.org/pallavit/ontologies/2022/10/sdt12",
    "range" : "84",
    "domain" : "9",
    "attributes" : [ "datatype", "someValues" ],
    "id" : "85"
  }, {
    "range" : "1",
    "domain" : "9",
    "attributes" : [ "object", "anonymous" ],
    "id" : "86"
  }, {
    "range" : "6",
    "domain" : "9",
    "attributes" : [ "object", "anonymous" ],
    "id" : "88"
  }, {
    "iri" : "http://www.semanticweb.org/pallavit/ontologies/2022/10/sdt12#belongsToCountry",
    "baseIri" : "http://www.semanticweb.org/pallavit/ontologies/2022/10/sdt12",
    "range" : "91",
    "domain" : "9",
    "attributes" : [ "datatype", "someValues" ],
    "id" : "90"
  }, {
    "iri" : "http://www.semanticweb.org/pallavit/ontologies/2022/10/sdt12#hasRatings",
    "baseIri" : "http://www.semanticweb.org/pallavit/ontologies/2022/10/sdt12",
    "range" : "87",
    "domain" : "9",
    "attributes" : [ "datatype", "someValues" ],
    "id" : "93"
  }, {
    "range" : "1",
    "domain" : "17",
    "attributes" : [ "object", "anonymous" ],
    "id" : "94"
  }, {
    "range" : "6",
    "domain" : "17",
    "attributes" : [ "object", "anonymous" ],
    "id" : "95"
  }, {
    "iri" : "http://www.semanticweb.org/pallavit/ontologies/2022/10/sdt12#hasReleaseDate",
    "baseIri" : "http://www.semanticweb.org/pallavit/ontologies/2022/10/sdt12",
    "range" : "92",
    "domain" : "9",
    "attributes" : [ "datatype", "someValues" ],
    "id" : "96"
  }, {
    "range" : "3",
    "domain" : "8",
    "attributes" : [ "object", "anonymous" ],
    "id" : "97"
  }, {
    "range" : "3",
    "domain" : "17",
    "attributes" : [ "object", "anonymous" ],
    "id" : "98"
  }, {
    "range" : "11",
    "domain" : "8",
    "attributes" : [ "object", "anonymous" ],
    "id" : "99"
  }, {
    "range" : "3",
    "domain" : "29",
    "attributes" : [ "object", "anonymous" ],
    "id" : "100"
  }, {
    "range" : "11",
    "domain" : "29",
    "attributes" : [ "object", "anonymous" ],
    "id" : "103"
  }, {
    "iri" : "http://www.semanticweb.org/pallavit/ontologies/2022/10/sdt12#hasRatings",
    "baseIri" : "http://www.semanticweb.org/pallavit/ontologies/2022/10/sdt12",
    "range" : "101",
    "domain" : "29",
    "attributes" : [ "datatype", "someValues" ],
    "id" : "105"
  }, {
    "range" : "1",
    "domain" : "29",
    "attributes" : [ "object", "anonymous" ],
    "id" : "106"
  }, {
    "range" : "6",
    "domain" : "5",
    "attributes" : [ "object", "anonymous" ],
    "id" : "107"
  }, {
    "range" : "21",
    "domain" : "5",
    "attributes" : [ "object", "anonymous" ],
    "id" : "108"
  }, {
    "range" : "19",
    "domain" : "5",
    "attributes" : [ "object", "anonymous" ],
    "id" : "109"
  }, {
    "range" : "17",
    "domain" : "5",
    "attributes" : [ "object", "anonymous" ],
    "id" : "110"
  }, {
    "range" : "9",
    "domain" : "5",
    "attributes" : [ "object", "anonymous" ],
    "id" : "111"
  }, {
    "range" : "17",
    "domain" : "19",
    "attributes" : [ "object", "anonymous" ],
    "id" : "112"
  }, {
    "range" : "9",
    "domain" : "19",
    "attributes" : [ "object", "anonymous" ],
    "id" : "113"
  }, {
    "range" : "24",
    "domain" : "19",
    "attributes" : [ "object", "anonymous" ],
    "id" : "114"
  }, {
    "range" : "24",
    "domain" : "5",
    "attributes" : [ "object", "anonymous" ],
    "id" : "115"
  }, {
    "range" : "3",
    "domain" : "5",
    "attributes" : [ "object", "anonymous" ],
    "id" : "116"
  }, {
    "range" : "3",
    "domain" : "6",
    "attributes" : [ "object", "anonymous" ],
    "id" : "117"
  }, {
    "range" : "1",
    "domain" : "6",
    "attributes" : [ "object", "anonymous" ],
    "id" : "118"
  }, {
    "iri" : "http://www.semanticweb.org/pallavit/ontologies/2022/10/sdt12#hasDOB",
    "baseIri" : "http://www.semanticweb.org/pallavit/ontologies/2022/10/sdt12",
    "range" : "104",
    "domain" : "29",
    "attributes" : [ "datatype", "someValues" ],
    "id" : "119"
  }, {
    "range" : "24",
    "domain" : "6",
    "attributes" : [ "object", "anonymous" ],
    "id" : "120"
  }, {
    "range" : "6",
    "domain" : "21",
    "attributes" : [ "object", "anonymous" ],
    "id" : "123"
  }, {
    "range" : "29",
    "domain" : "6",
    "attributes" : [ "object", "anonymous" ],
    "id" : "124"
  }, {
    "range" : "11",
    "domain" : "6",
    "attributes" : [ "object", "anonymous" ],
    "id" : "125"
  }, {
    "iri" : "http://www.semanticweb.org/pallavit/ontologies/2022/10/sdt12#hasDOB",
    "baseIri" : "http://www.semanticweb.org/pallavit/ontologies/2022/10/sdt12",
    "range" : "127",
    "domain" : "21",
    "attributes" : [ "datatype", "someValues" ],
    "id" : "128"
  }, {
    "iri" : "http://www.semanticweb.org/pallavit/ontologies/2022/10/sdt12#hasRatings",
    "baseIri" : "http://www.semanticweb.org/pallavit/ontologies/2022/10/sdt12",
    "range" : "130",
    "domain" : "21",
    "attributes" : [ "datatype", "someValues" ],
    "id" : "129"
  }, {
    "range" : "11",
    "domain" : "21",
    "attributes" : [ "object", "anonymous" ],
    "id" : "131"
  }, {
    "iri" : "http://www.semanticweb.org/pallavit/ontologies/2022/10/sdt12#belongsToCountry",
    "baseIri" : "http://www.semanticweb.org/pallavit/ontologies/2022/10/sdt12",
    "range" : "133",
    "domain" : "11",
    "attributes" : [ "datatype", "someValues" ],
    "id" : "132"
  }, {
    "range" : "1",
    "domain" : "21",
    "attributes" : [ "object", "anonymous" ],
    "id" : "134"
  }, {
    "iri" : "http://www.semanticweb.org/pallavit/ontologies/2022/10/sdt12#hasDOB",
    "baseIri" : "http://www.semanticweb.org/pallavit/ontologies/2022/10/sdt12",
    "range" : "122",
    "domain" : "11",
    "attributes" : [ "datatype", "someValues" ],
    "id" : "135"
  } ]
}